<?xml version="1.0"?>
<module>
  <type>language</type>
  <name>Chinese(Simplified)</name>
  <label>简体中文</label>
  <prefix>zh_cn</prefix>
  <version>6.0rc2</version>
  <dependencies>
    <vtiger_version>6.0.0rc</vtiger_version>
	<vtiger_max_version>6.*</vtiger_max_version>
  </dependencies>
  <license>
   <inline><![CDATA[
 ********************************************************************************
 * 此文件内容受vtigerCRM的公共许可证1.0版保护，
 * 使用此文件表示您已默认遵守相关许可规定。
 * 您可以在遵守此许可证 "AS IS" 的基础上对软件进行分发。
 * 无任何形式的担保，明示或暗示的保证。
 * 此语言包版权如下所示：
 ********************************************************************************
 *  Language     : 简体中文
 *  Version      : 6.0RC2
 *  Author       : Maie | www.maie.name
 *  Update Date  : 2013-12-13
 ********************************************************************************
]]></inline>
  </license>
</module>
